index,key,text,expectedFile,deployCnFile,targetExportName,themes
"0001","06954252242401e77a620f1826a0559aed6f3a91b421ee53824b8a06b29e8025","Sorting clothes first keeps colors safer.","assets/audio/generated/06/06954252242401e77a620f1826a0559aed6f3a91b421ee53824b8a06b29e8025.mp3","deploy-cn/assets/audio/generated/06/06954252242401e77a620f1826a0559aed6f3a91b421ee53824b8a06b29e8025.mp3","0001.mp3","laundry"
"0002","0821ac15380a95739496bdbb4505e796375a6f23c350958635603907d7077374","service bell","assets/audio/generated/08/0821ac15380a95739496bdbb4505e796375a6f23c350958635603907d7077374.mp3","deploy-cn/assets/audio/generated/08/0821ac15380a95739496bdbb4505e796375a6f23c350958635603907d7077374.mp3","0002.mp3","laundry"
"0003","0ac608d7a6ed849ef53133006126cbca2e7667ffd2f02db76d7a467b6da330b2","You open the dispenser and prepare the washer.","assets/audio/generated/0a/0ac608d7a6ed849ef53133006126cbca2e7667ffd2f02db76d7a467b6da330b2.mp3","deploy-cn/assets/audio/generated/0a/0ac608d7a6ed849ef53133006126cbca2e7667ffd2f02db76d7a467b6da330b2.mp3","0003.mp3","laundry"
"0004","0ad254e1c80b2663b55ae6744a86663dbc22e78dc1f72577d66f9b1dac32dddb","Whites often need a separate load.","assets/audio/generated/0a/0ad254e1c80b2663b55ae6744a86663dbc22e78dc1f72577d66f9b1dac32dddb.mp3","deploy-cn/assets/audio/generated/0a/0ad254e1c80b2663b55ae6744a86663dbc22e78dc1f72577d66f9b1dac32dddb.mp3","0004.mp3","laundry"
"0005","0c4f719cc0c163e20a469efefa0b3203d52dfb85ff0588e14e626a914924e85e","The claim ticket matches my laundry bag.","assets/audio/generated/0c/0c4f719cc0c163e20a469efefa0b3203d52dfb85ff0588e14e626a914924e85e.mp3","deploy-cn/assets/audio/generated/0c/0c4f719cc0c163e20a469efefa0b3203d52dfb85ff0588e14e626a914924e85e.mp3","0005.mp3","laundry"
"0006","0cf3ddaa92a3d9778c2adfb9255200102eadf8912aeae2b9eb44965001612692","The glass porthole lets me see the clothes.","assets/audio/generated/0c/0cf3ddaa92a3d9778c2adfb9255200102eadf8912aeae2b9eb44965001612692.mp3","deploy-cn/assets/audio/generated/0c/0cf3ddaa92a3d9778c2adfb9255200102eadf8912aeae2b9eb44965001612692.mp3","0006.mp3","laundry"
"0007","10676c97228ed708162f76f05184bd160f2e65cae2d3fd7ec2639b741785290d","Check the garment tag before you choose.","assets/audio/generated/10/10676c97228ed708162f76f05184bd160f2e65cae2d3fd7ec2639b741785290d.mp3","deploy-cn/assets/audio/generated/10/10676c97228ed708162f76f05184bd160f2e65cae2d3fd7ec2639b741785290d.mp3","0007.mp3","laundry"
"0008","10ba0474586ab2de1b25e15832333f3cc2f87297b7451e5d8f64050ab6c40777","A pocket check keeps tissues out of the washer.","assets/audio/generated/10/10ba0474586ab2de1b25e15832333f3cc2f87297b7451e5d8f64050ab6c40777.mp3","deploy-cn/assets/audio/generated/10/10ba0474586ab2de1b25e15832333f3cc2f87297b7451e5d8f64050ab6c40777.mp3","0008.mp3","laundry"
"0009","10cd3dc7d63757fdbc97c31198ff2ac6c2ccacc7a5a56ea9fd8e6f5eb87e0939","last wash time","assets/audio/generated/10/10cd3dc7d63757fdbc97c31198ff2ac6c2ccacc7a5a56ea9fd8e6f5eb87e0939.mp3","deploy-cn/assets/audio/generated/10/10cd3dc7d63757fdbc97c31198ff2ac6c2ccacc7a5a56ea9fd8e6f5eb87e0939.mp3","0009.mp3","laundry"
"0010","1422f401d6487e57c96b4aee522618b5588763861f867aab823cb1faef79c2f8","You tie the bag and finish the laundromat visit.","assets/audio/generated/14/1422f401d6487e57c96b4aee522618b5588763861f867aab823cb1faef79c2f8.mp3","deploy-cn/assets/audio/generated/14/1422f401d6487e57c96b4aee522618b5588763861f867aab823cb1faef79c2f8.mp3","0010.mp3","laundry"
"0011","15279b3e44875a42a1d09262c23bcbb14feb64d87237ac465dce00d882371364","A missing sock may be near the dryer.","assets/audio/generated/15/15279b3e44875a42a1d09262c23bcbb14feb64d87237ac465dce00d882371364.mp3","deploy-cn/assets/audio/generated/15/15279b3e44875a42a1d09262c23bcbb14feb64d87237ac465dce00d882371364.mp3","0011.mp3","laundry"
"0012","1b6f2595479b5e130fe99ccba878e62a76fdcfea4875bee16509386f76468ac3","Good idea. Keep whites and darks apart.","assets/audio/generated/1b/1b6f2595479b5e130fe99ccba878e62a76fdcfea4875bee16509386f76468ac3.mp3","deploy-cn/assets/audio/generated/1b/1b6f2595479b5e130fe99ccba878e62a76fdcfea4875bee16509386f76468ac3.mp3","0012.mp3","laundry"
"0013","1cb5640b56db0fa4e1d24b84b842d9cb61d1e6780f86c81b35dc656b5640617a","The garment tag shows care instructions.","assets/audio/generated/1c/1cb5640b56db0fa4e1d24b84b842d9cb61d1e6780f86c81b35dc656b5640617a.mp3","deploy-cn/assets/audio/generated/1c/1cb5640b56db0fa4e1d24b84b842d9cb61d1e6780f86c81b35dc656b5640617a.mp3","0013.mp3","laundry"
"0014","1f994ff7e0fe21a9e05e29d4c9a5d05ac5052327151d5cafd63aa6c543e81eb8","bleach bottle","assets/audio/generated/1f/1f994ff7e0fe21a9e05e29d4c9a5d05ac5052327151d5cafd63aa6c543e81eb8.mp3","deploy-cn/assets/audio/generated/1f/1f994ff7e0fe21a9e05e29d4c9a5d05ac5052327151d5cafd63aa6c543e81eb8.mp3","0014.mp3","laundry"
"0015","2053b3999ff2c20f62df64cf0d388577d678da1076542396842d7776f757e965","You look across the machine area and choose a washer that is ready to use.","assets/audio/generated/20/2053b3999ff2c20f62df64cf0d388577d678da1076542396842d7776f757e965.mp3","deploy-cn/assets/audio/generated/20/2053b3999ff2c20f62df64cf0d388577d678da1076542396842d7776f757e965.mp3","0015.mp3","laundry"
"0016","22d80d3de39b6ad89ab8046ecb3b6b63cf4eb942642c6d3a07936559d393a73f","prewash spray","assets/audio/generated/22/22d80d3de39b6ad89ab8046ecb3b6b63cf4eb942642c6d3a07936559d393a73f.mp3","deploy-cn/assets/audio/generated/22/22d80d3de39b6ad89ab8046ecb3b6b63cf4eb942642c6d3a07936559d393a73f.mp3","0016.mp3","laundry"
"0017","22fa9bffc2b20b054cf3c2624307cb078df6b6f555bcd49cd374e876b1583e9e","You choose the wash cycle and start the load.","assets/audio/generated/22/22fa9bffc2b20b054cf3c2624307cb078df6b6f555bcd49cd374e876b1583e9e.mp3","deploy-cn/assets/audio/generated/22/22fa9bffc2b20b054cf3c2624307cb078df6b6f555bcd49cd374e876b1583e9e.mp3","0017.mp3","laundry"
"0018","23d3216f07c6320b94f4dfebbec9b8face30548ac30d2380d9284461fbc2f042","Is this a front-loading washer?","assets/audio/generated/23/23d3216f07c6320b94f4dfebbec9b8face30548ac30d2380d9284461fbc2f042.mp3","deploy-cn/assets/audio/generated/23/23d3216f07c6320b94f4dfebbec9b8face30548ac30d2380d9284461fbc2f042.mp3","0018.mp3","laundry"
"0019","24132ec0429b08c7370f286a6dfc0211945b43782044bdc5d0380d339aea19dd","The token machine is beside the entrance.","assets/audio/generated/24/24132ec0429b08c7370f286a6dfc0211945b43782044bdc5d0380d339aea19dd.mp3","deploy-cn/assets/audio/generated/24/24132ec0429b08c7370f286a6dfc0211945b43782044bdc5d0380d339aea19dd.mp3","0019.mp3","laundry"
"0020","2532f8bba57503be5d6c79cd60e7ecb978ed20606c3554a327d874e511932084","I sort colors before I load the washer.","assets/audio/generated/25/2532f8bba57503be5d6c79cd60e7ecb978ed20606c3554a327d874e511932084.mp3","deploy-cn/assets/audio/generated/25/2532f8bba57503be5d6c79cd60e7ecb978ed20606c3554a327d874e511932084.mp3","0020.mp3","laundry"
"0021","25ca2bc7545e4600c39970468b905c4ca58fb87d91419f5ae03b117958a4baa8","Some clothes say tumble dry on the tag.","assets/audio/generated/25/25ca2bc7545e4600c39970468b905c4ca58fb87d91419f5ae03b117958a4baa8.mp3","deploy-cn/assets/audio/generated/25/25ca2bc7545e4600c39970468b905c4ca58fb87d91419f5ae03b117958a4baa8.mp3","0021.mp3","laundry"
"0022","2645fc794f598640f633140ef44966868b41ae11cd5b55b3adb25aa1dd937ee5","The cool-down cycle helps clothes feel less hot.","assets/audio/generated/26/2645fc794f598640f633140ef44966868b41ae11cd5b55b3adb25aa1dd937ee5.mp3","deploy-cn/assets/audio/generated/26/2645fc794f598640f633140ef44966868b41ae11cd5b55b3adb25aa1dd937ee5.mp3","0022.mp3","laundry"
"0023","26e1979cbe8e78001a1ee122b4f8edc406feeded283f53b00bf9ce77479fdb9e","Before you finish, you review the final items and pack everything neatly.","assets/audio/generated/26/26e1979cbe8e78001a1ee122b4f8edc406feeded283f53b00bf9ce77479fdb9e.mp3","deploy-cn/assets/audio/generated/26/26e1979cbe8e78001a1ee122b4f8edc406feeded283f53b00bf9ce77479fdb9e.mp3","0023.mp3","laundry"
"0024","282a94a993b82c40ab856d7363520c0b477e56a11eec3d1c804a1e20c817277d","How long is the drying time?","assets/audio/generated/28/282a94a993b82c40ab856d7363520c0b477e56a11eec3d1c804a1e20c817277d.mp3","deploy-cn/assets/audio/generated/28/282a94a993b82c40ab856d7363520c0b477e56a11eec3d1c804a1e20c817277d.mp3","0024.mp3","laundry"
"0025","285380d8cdbccdd0cfa406d463ab9f55ed680f76107bdad9f8afa1dbe8d59c9e","You arrive at a neighborhood laundromat and check the basic signs before you start.","assets/audio/generated/28/285380d8cdbccdd0cfa406d463ab9f55ed680f76107bdad9f8afa1dbe8d59c9e.mp3","deploy-cn/assets/audio/generated/28/285380d8cdbccdd0cfa406d463ab9f55ed680f76107bdad9f8afa1dbe8d59c9e.mp3","0025.mp3","laundry"
"0026","2a20d344db06c624f52c0c6e129ad2fc2da38abc810aefd4cbb63862defc5e21","The soap dispenser holds detergent for the wash.","assets/audio/generated/2a/2a20d344db06c624f52c0c6e129ad2fc2da38abc810aefd4cbb63862defc5e21.mp3","deploy-cn/assets/audio/generated/2a/2a20d344db06c624f52c0c6e129ad2fc2da38abc810aefd4cbb63862defc5e21.mp3","0026.mp3","laundry"
"0027","2a9890a8f44bfc610e0d52b49e9108731fe84b58feb8654a3c590108fdebb288","pocket check","assets/audio/generated/2a/2a9890a8f44bfc610e0d52b49e9108731fe84b58feb8654a3c590108fdebb288.mp3","deploy-cn/assets/audio/generated/2a/2a9890a8f44bfc610e0d52b49e9108731fe84b58feb8654a3c590108fdebb288.mp3","0027.mp3","laundry"
"0028","2ad5cdeca5987a6b7185d23f57bf79746cfe38cf2e60660b7730e5b68c2fbb17","The folding station is clean and wide.","assets/audio/generated/2a/2ad5cdeca5987a6b7185d23f57bf79746cfe38cf2e60660b7730e5b68c2fbb17.mp3","deploy-cn/assets/audio/generated/2a/2ad5cdeca5987a6b7185d23f57bf79746cfe38cf2e60660b7730e5b68c2fbb17.mp3","0028.mp3","laundry"
"0029","2b683279d6bc6df59a9d82acdbcbff7b060363c0c2052e9a94314fa7879318de","The laundry hamper holds the clean load.","assets/audio/generated/2b/2b683279d6bc6df59a9d82acdbcbff7b060363c0c2052e9a94314fa7879318de.mp3","deploy-cn/assets/audio/generated/2b/2b683279d6bc6df59a9d82acdbcbff7b060363c0c2052e9a94314fa7879318de.mp3","0029.mp3","laundry"
"0030","2cc7ef82a8132f4a7523dad308d824509022829b61e787249724eaf25ae41163","The lost-and-found bin holds forgotten items.","assets/audio/generated/2c/2cc7ef82a8132f4a7523dad308d824509022829b61e787249724eaf25ae41163.mp3","deploy-cn/assets/audio/generated/2c/2cc7ef82a8132f4a7523dad308d824509022829b61e787249724eaf25ae41163.mp3","0030.mp3","laundry"
"0031","30be3af50417251ed3029cdd5f17cfde93558f454294f50a4136bd2d3f8f5a52","The heat setting controls how warm the dryer gets.","assets/audio/generated/30/30be3af50417251ed3029cdd5f17cfde93558f454294f50a4136bd2d3f8f5a52.mp3","deploy-cn/assets/audio/generated/30/30be3af50417251ed3029cdd5f17cfde93558f454294f50a4136bd2d3f8f5a52.mp3","0031.mp3","laundry"
"0032","3297da86b24cdd71a021ea30494693b75a3321ffcf7cc7ba33eee5fcae393cff","laundry hamper","assets/audio/generated/32/3297da86b24cdd71a021ea30494693b75a3321ffcf7cc7ba33eee5fcae393cff.mp3","deploy-cn/assets/audio/generated/32/3297da86b24cdd71a021ea30494693b75a3321ffcf7cc7ba33eee5fcae393cff.mp3","0032.mp3","laundry"
"0033","33f38d21ad5e85044d3ea2c5a43e19b3164629a64d57c99bda6925c8d6e67d52","Before you go, please make sure your bag is closed.","assets/audio/generated/33/33f38d21ad5e85044d3ea2c5a43e19b3164629a64d57c99bda6925c8d6e67d52.mp3","deploy-cn/assets/audio/generated/33/33f38d21ad5e85044d3ea2c5a43e19b3164629a64d57c99bda6925c8d6e67d52.mp3","0033.mp3","laundry"
"0034","3420be0a5cfe1bfb0cd5955a13eb90e3d405126398ee9b14a7ca224d43b89475","measuring cap","assets/audio/generated/34/3420be0a5cfe1bfb0cd5955a13eb90e3d405126398ee9b14a7ca224d43b89475.mp3","deploy-cn/assets/audio/generated/34/3420be0a5cfe1bfb0cd5955a13eb90e3d405126398ee9b14a7ca224d43b89475.mp3","0034.mp3","laundry"
"0035","3770b30a22795229475b81c68d8b8ba18113222f80ac4b163b2c6eee55e0acfb","I use a wash token to start the machine.","assets/audio/generated/37/3770b30a22795229475b81c68d8b8ba18113222f80ac4b163b2c6eee55e0acfb.mp3","deploy-cn/assets/audio/generated/37/3770b30a22795229475b81c68d8b8ba18113222f80ac4b163b2c6eee55e0acfb.mp3","0035.mp3","laundry"
"0036","39c7d7269237e166b9223048dbf15c203e706e8eded2e64e4715fcde2c15ed3f","The collection shelf holds finished laundry.","assets/audio/generated/39/39c7d7269237e166b9223048dbf15c203e706e8eded2e64e4715fcde2c15ed3f.mp3","deploy-cn/assets/audio/generated/39/39c7d7269237e166b9223048dbf15c203e706e8eded2e64e4715fcde2c15ed3f.mp3","0036.mp3","laundry"
"0037","3a900a4c5ca69b86f38421ae0f2c246e2f84627d8042a030a493d354433fb255","A hanger keeps the shirt from wrinkling.","assets/audio/generated/3a/3a900a4c5ca69b86f38421ae0f2c246e2f84627d8042a030a493d354433fb255.mp3","deploy-cn/assets/audio/generated/3a/3a900a4c5ca69b86f38421ae0f2c246e2f84627d8042a030a493d354433fb255.mp3","0037.mp3","laundry"
"0038","3ac878e55b60afb9c4ab6cbb2c5ccf92ce70e77975faffb426544866002d5228","No problem. The folding board is on the side.","assets/audio/generated/3a/3ac878e55b60afb9c4ab6cbb2c5ccf92ce70e77975faffb426544866002d5228.mp3","deploy-cn/assets/audio/generated/3a/3ac878e55b60afb9c4ab6cbb2c5ccf92ce70e77975faffb426544866002d5228.mp3","0038.mp3","laundry"
"0039","3bd0639c294a4f1394c8f2d8f8130dcf99ad1a069d3960fa2a487e993042d73e","It is inside the dryer door area.","assets/audio/generated/3b/3bd0639c294a4f1394c8f2d8f8130dcf99ad1a069d3960fa2a487e993042d73e.mp3","deploy-cn/assets/audio/generated/3b/3bd0639c294a4f1394c8f2d8f8130dcf99ad1a069d3960fa2a487e993042d73e.mp3","0039.mp3","laundry"
"0040","3d6ded99a62e4c5d11e8f5ffa0b8c60ca193896fab58fa4f18c538e0c7970fc8","I will sort colors before washing.","assets/audio/generated/3d/3d6ded99a62e4c5d11e8f5ffa0b8c60ca193896fab58fa4f18c538e0c7970fc8.mp3","deploy-cn/assets/audio/generated/3d/3d6ded99a62e4c5d11e8f5ffa0b8c60ca193896fab58fa4f18c538e0c7970fc8.mp3","0040.mp3","laundry"
"0041","40b78f41df0638b2a340d4541f6fc34304c801c80ec582588f333ba9db556a4c","A drawstring bag closes with a cord.","assets/audio/generated/40/40b78f41df0638b2a340d4541f6fc34304c801c80ec582588f333ba9db556a4c.mp3","deploy-cn/assets/audio/generated/40/40b78f41df0638b2a340d4541f6fc34304c801c80ec582588f333ba9db556a4c.mp3","0041.mp3","laundry"
"0042","41eeab86befb3a8b4b74e813e380ffbcfb0186d7c26bb88006ab8c1c7dad3e11","Where is the collection shelf?","assets/audio/generated/41/41eeab86befb3a8b4b74e813e380ffbcfb0186d7c26bb88006ab8c1c7dad3e11.mp3","deploy-cn/assets/audio/generated/41/41eeab86befb3a8b4b74e813e380ffbcfb0186d7c26bb88006ab8c1c7dad3e11.mp3","0042.mp3","laundry"
"0043","433b95fccfc63fc8080012dfcbef54a38e2603ef8fe058992ec8420f2d2c5636","washing machine","assets/audio/generated/43/433b95fccfc63fc8080012dfcbef54a38e2603ef8fe058992ec8420f2d2c5636.mp3","deploy-cn/assets/audio/generated/43/433b95fccfc63fc8080012dfcbef54a38e2603ef8fe058992ec8420f2d2c5636.mp3","0043.mp3","laundry"
"0044","44eb97560d36fa655dbdec6ac4e5efe0e62801f274574627ba273b7d6603c731","laundry rules","assets/audio/generated/44/44eb97560d36fa655dbdec6ac4e5efe0e62801f274574627ba273b7d6603c731.mp3","deploy-cn/assets/audio/generated/44/44eb97560d36fa655dbdec6ac4e5efe0e62801f274574627ba273b7d6603c731.mp3","0044.mp3","laundry"
"0045","45aeef69fa8a6b243a8b0c850527b0f62423b4cdc6d61db684b2ba62f446256d","fresh laundry","assets/audio/generated/45/45aeef69fa8a6b243a8b0c850527b0f62423b4cdc6d61db684b2ba62f446256d.mp3","deploy-cn/assets/audio/generated/45/45aeef69fa8a6b243a8b0c850527b0f62423b4cdc6d61db684b2ba62f446256d.mp3","0045.mp3","laundry"
"0046","475d634887dd1d5b45ead9a74e5aaeb27492dc027609b24840bece5854e93b0d","Thank you, I will fold my clothes here.","assets/audio/generated/47/475d634887dd1d5b45ead9a74e5aaeb27492dc027609b24840bece5854e93b0d.mp3","deploy-cn/assets/audio/generated/47/475d634887dd1d5b45ead9a74e5aaeb27492dc027609b24840bece5854e93b0d.mp3","0046.mp3","laundry"
"0047","488e4f39dda4bf4ffc936b2deceb7f3a4572c1599bd00f5e32a06cd17c6fa210","garment cover","assets/audio/generated/48/488e4f39dda4bf4ffc936b2deceb7f3a4572c1599bd00f5e32a06cd17c6fa210.mp3","deploy-cn/assets/audio/generated/48/488e4f39dda4bf4ffc936b2deceb7f3a4572c1599bd00f5e32a06cd17c6fa210.mp3","0047.mp3","laundry"
"0048","49fd9a0493b2b0cc8a65e715526a40267a6051fcd7e52c6430d5a77a4b738e7c","top-loading washer","assets/audio/generated/49/49fd9a0493b2b0cc8a65e715526a40267a6051fcd7e52c6430d5a77a4b738e7c.mp3","deploy-cn/assets/audio/generated/49/49fd9a0493b2b0cc8a65e715526a40267a6051fcd7e52c6430d5a77a4b738e7c.mp3","0048.mp3","laundry"
"0049","4b0eac1a8b631aa34a1c2e8e5c51c1c7b426ad779b37819443b93215742fe92a","The laundry rules are posted on the wall.","assets/audio/generated/4b/4b0eac1a8b631aa34a1c2e8e5c51c1c7b426ad779b37819443b93215742fe92a.mp3","deploy-cn/assets/audio/generated/4b/4b0eac1a8b631aa34a1c2e8e5c51c1c7b426ad779b37819443b93215742fe92a.mp3","0049.mp3","laundry"
"0050","4cc1edbbec6873ee60abef469d0522edf4ae55a9ebd2fb614640f3c7415e0f09","What is fabric softener for?","assets/audio/generated/4c/4cc1edbbec6873ee60abef469d0522edf4ae55a9ebd2fb614640f3c7415e0f09.mp3","deploy-cn/assets/audio/generated/4c/4cc1edbbec6873ee60abef469d0522edf4ae55a9ebd2fb614640f3c7415e0f09.mp3","0050.mp3","laundry"
"0051","4d3f9ad91e926576682a52651dc539a7e2c853e26f26aa19a16fc2382f79881f","front-loading washer","assets/audio/generated/4d/4d3f9ad91e926576682a52651dc539a7e2c853e26f26aa19a16fc2382f79881f.mp3","deploy-cn/assets/audio/generated/4d/4d3f9ad91e926576682a52651dc539a7e2c853e26f26aa19a16fc2382f79881f.mp3","0051.mp3","laundry"
"0052","4da206b490da75b21173863ddc6fadc16c273f975c2eabe3e037838c2acaf2fc","tumble dry","assets/audio/generated/4d/4da206b490da75b21173863ddc6fadc16c273f975c2eabe3e037838c2acaf2fc.mp3","deploy-cn/assets/audio/generated/4d/4da206b490da75b21173863ddc6fadc16c273f975c2eabe3e037838c2acaf2fc.mp3","0052.mp3","laundry"
"0053","4eee82ba63d3e8ff7f1821f00e57afbf288fd5d61621d817a35f4fac65981c82","drying time","assets/audio/generated/4e/4eee82ba63d3e8ff7f1821f00e57afbf288fd5d61621d817a35f4fac65981c82.mp3","deploy-cn/assets/audio/generated/4e/4eee82ba63d3e8ff7f1821f00e57afbf288fd5d61621d817a35f4fac65981c82.mp3","0053.mp3","laundry"
"0054","5639de796c3adbf3f1f3c387eeffb5a79951c5959e6933e47d58ac3f2b822f4d","lint trap","assets/audio/generated/56/5639de796c3adbf3f1f3c387eeffb5a79951c5959e6933e47d58ac3f2b822f4d.mp3","deploy-cn/assets/audio/generated/56/5639de796c3adbf3f1f3c387eeffb5a79951c5959e6933e47d58ac3f2b822f4d.mp3","0054.mp3","laundry"
"0055","5c09f3699b8c7ae04ba577e537c9dca5beaeb161ff5f951064d94ad6bf6ee880","The measuring cap shows how much to use.","assets/audio/generated/5c/5c09f3699b8c7ae04ba577e537c9dca5beaeb161ff5f951064d94ad6bf6ee880.mp3","deploy-cn/assets/audio/generated/5c/5c09f3699b8c7ae04ba577e537c9dca5beaeb161ff5f951064d94ad6bf6ee880.mp3","0055.mp3","laundry"
"0056","61a10db2f2424dc8b8662ea77e2fee88671a76c5c8abfacccf7e53a04dd76e55","soap dispenser","assets/audio/generated/61/61a10db2f2424dc8b8662ea77e2fee88671a76c5c8abfacccf7e53a04dd76e55.mp3","deploy-cn/assets/audio/generated/61/61a10db2f2424dc8b8662ea77e2fee88671a76c5c8abfacccf7e53a04dd76e55.mp3","0056.mp3","laundry"
"0057","623822a5b6eed67021b25a497be1f91a11ba838e4a206858128874ea0cccef98","I found a missing sock.","assets/audio/generated/62/623822a5b6eed67021b25a497be1f91a11ba838e4a206858128874ea0cccef98.mp3","deploy-cn/assets/audio/generated/62/623822a5b6eed67021b25a497be1f91a11ba838e4a206858128874ea0cccef98.mp3","0057.mp3","laundry"
"0058","630d3ca34d14ea3f3ba243e3089d64c5d181ff4a33b141137c333ac782514d5e","The rubber gasket seals the washer door.","assets/audio/generated/63/630d3ca34d14ea3f3ba243e3089d64c5d181ff4a33b141137c333ac782514d5e.mp3","deploy-cn/assets/audio/generated/63/630d3ca34d14ea3f3ba243e3089d64c5d181ff4a33b141137c333ac782514d5e.mp3","0058.mp3","laundry"
"0059","633f7da957822fe13da3484c3a0a2f89c1deae01ac6121a67dd6d7ec7a6db947","Can I use stain remover first?","assets/audio/generated/63/633f7da957822fe13da3484c3a0a2f89c1deae01ac6121a67dd6d7ec7a6db947.mp3","deploy-cn/assets/audio/generated/63/633f7da957822fe13da3484c3a0a2f89c1deae01ac6121a67dd6d7ec7a6db947.mp3","0059.mp3","laundry"
"0060","64510add0ebcc537d02bd7014710c6e3f9a61c4a68c02641b40fcb3288b6e0e9","Fresh laundry smells clean.","assets/audio/generated/64/64510add0ebcc537d02bd7014710c6e3f9a61c4a68c02641b40fcb3288b6e0e9.mp3","deploy-cn/assets/audio/generated/64/64510add0ebcc537d02bd7014710c6e3f9a61c4a68c02641b40fcb3288b6e0e9.mp3","0060.mp3","laundry"
"0061","675d176a37d670c76f5f12848634dcc1d7a20ccf01c6c5ae69e1717d71be77a6","I choose a normal wash cycle.","assets/audio/generated/67/675d176a37d670c76f5f12848634dcc1d7a20ccf01c6c5ae69e1717d71be77a6.mp3","deploy-cn/assets/audio/generated/67/675d176a37d670c76f5f12848634dcc1d7a20ccf01c6c5ae69e1717d71be77a6.mp3","0061.mp3","laundry"
"0062","67cf8ad4309cc13b96ff37f803c39f343bb3f89b4da743ec32f10ba8a2dcfed4","dryer","assets/audio/generated/67/67cf8ad4309cc13b96ff37f803c39f343bb3f89b4da743ec32f10ba8a2dcfed4.mp3","deploy-cn/assets/audio/generated/67/67cf8ad4309cc13b96ff37f803c39f343bb3f89b4da743ec32f10ba8a2dcfed4.mp3","0062.mp3","laundry"
"0063","6876f12da2f70269313327585744b25ea94e4038509cc699455b86be83ac4fe3","A front-loading washer opens from the front.","assets/audio/generated/68/6876f12da2f70269313327585744b25ea94e4038509cc699455b86be83ac4fe3.mp3","deploy-cn/assets/audio/generated/68/6876f12da2f70269313327585744b25ea94e4038509cc699455b86be83ac4fe3.mp3","0063.mp3","laundry"
"0064","6b8a0dd1fc4245b84bc7dae85e7687b32b3299e801f1a5fb7d759e6d13a2c658","You spray a small stain before starting the washer.","assets/audio/generated/6b/6b8a0dd1fc4245b84bc7dae85e7687b32b3299e801f1a5fb7d759e6d13a2c658.mp3","deploy-cn/assets/audio/generated/6b/6b8a0dd1fc4245b84bc7dae85e7687b32b3299e801f1a5fb7d759e6d13a2c658.mp3","0064.mp3","laundry"
"0065","6cc7cdce8cef6c470d859d2f59b8ba53a7587e4b443cdd0216af140bbc03113b","cool-down cycle","assets/audio/generated/6c/6cc7cdce8cef6c470d859d2f59b8ba53a7587e4b443cdd0216af140bbc03113b.mp3","deploy-cn/assets/audio/generated/6c/6cc7cdce8cef6c470d859d2f59b8ba53a7587e4b443cdd0216af140bbc03113b.mp3","0065.mp3","laundry"
"0066","6ceed76676dc28778c88907e02f9888471eac5cbaa45339f4a1fc15c2baf9802","A dryer sheet can reduce static.","assets/audio/generated/6c/6ceed76676dc28778c88907e02f9888471eac5cbaa45339f4a1fc15c2baf9802.mp3","deploy-cn/assets/audio/generated/6c/6ceed76676dc28778c88907e02f9888471eac5cbaa45339f4a1fc15c2baf9802.mp3","0066.mp3","laundry"
"0067","6e73c35ffc45a0ed60c68d86fa024ee8c5aae76f0f03c34e9f4958456c95dbe8","stain remover","assets/audio/generated/6e/6e73c35ffc45a0ed60c68d86fa024ee8c5aae76f0f03c34e9f4958456c95dbe8.mp3","deploy-cn/assets/audio/generated/6e/6e73c35ffc45a0ed60c68d86fa024ee8c5aae76f0f03c34e9f4958456c95dbe8.mp3","0067.mp3","laundry"
"0068","6fe0e56b543463892f9a05e7b122288c29c769f4a9c479200f0bf66afe2623fe","Please clean the lint trap before using the dryer.","assets/audio/generated/6f/6fe0e56b543463892f9a05e7b122288c29c769f4a9c479200f0bf66afe2623fe.mp3","deploy-cn/assets/audio/generated/6f/6fe0e56b543463892f9a05e7b122288c29c769f4a9c479200f0bf66afe2623fe.mp3","0068.mp3","laundry"
"0069","713f26425e2bc7a1076fa244413f44a7b266a04b42639f5e45f021ba5f607ca4","You set the drying time and start the dryer.","assets/audio/generated/71/713f26425e2bc7a1076fa244413f44a7b266a04b42639f5e45f021ba5f607ca4.mp3","deploy-cn/assets/audio/generated/71/713f26425e2bc7a1076fa244413f44a7b266a04b42639f5e45f021ba5f607ca4.mp3","0069.mp3","laundry"
"0070","72a6920b8c364faa1b603bef2b9abd10ea4f603e92a12f811eb3a8a8eac3ac6f","laundry cart","assets/audio/generated/72/72a6920b8c364faa1b603bef2b9abd10ea4f603e92a12f811eb3a8a8eac3ac6f.mp3","deploy-cn/assets/audio/generated/72/72a6920b8c364faa1b603bef2b9abd10ea4f603e92a12f811eb3a8a8eac3ac6f.mp3","0070.mp3","laundry"
"0071","74634fbdce1857134d351a2d789ed26fd1cd62f2229bec5a003e368fe9de83b0","Should I check the rubber gasket?","assets/audio/generated/74/74634fbdce1857134d351a2d789ed26fd1cd62f2229bec5a003e368fe9de83b0.mp3","deploy-cn/assets/audio/generated/74/74634fbdce1857134d351a2d789ed26fd1cd62f2229bec5a003e368fe9de83b0.mp3","0071.mp3","laundry"
"0072","75879ba54cbf1b0eed511c630f40c14bf1a103edfdf157ef697425ba29a5cdd3","drum door","assets/audio/generated/75/75879ba54cbf1b0eed511c630f40c14bf1a103edfdf157ef697425ba29a5cdd3.mp3","deploy-cn/assets/audio/generated/75/75879ba54cbf1b0eed511c630f40c14bf1a103edfdf157ef697425ba29a5cdd3.mp3","0072.mp3","laundry"
"0073","75fce7e771308b0780eb9eeedfdc3794578230c246279c02af0b042197733311","Yes, I need a wash token.","assets/audio/generated/75/75fce7e771308b0780eb9eeedfdc3794578230c246279c02af0b042197733311.mp3","deploy-cn/assets/audio/generated/75/75fce7e771308b0780eb9eeedfdc3794578230c246279c02af0b042197733311.mp3","0073.mp3","laundry"
"0074","7617731760fe785fb6972adc12f584e6bf761ec19157a64caa961a5185ac2821","A laundry pod goes into the washer drum.","assets/audio/generated/76/7617731760fe785fb6972adc12f584e6bf761ec19157a64caa961a5185ac2821.mp3","deploy-cn/assets/audio/generated/76/7617731760fe785fb6972adc12f584e6bf761ec19157a64caa961a5185ac2821.mp3","0074.mp3","laundry"
"0075","771f464c55825d08fcf53f44b6835063170f7c5f7bbeef887046f034797c4301","You compare common laundry products before adding anything to the washer.","assets/audio/generated/77/771f464c55825d08fcf53f44b6835063170f7c5f7bbeef887046f034797c4301.mp3","deploy-cn/assets/audio/generated/77/771f464c55825d08fcf53f44b6835063170f7c5f7bbeef887046f034797c4301.mp3","0075.mp3","laundry"
"0076","7778e4ee6e850cf28026900af9a1bd5fa5735edb6c1dc5269e5cecdf18e46034","collection shelf","assets/audio/generated/77/7778e4ee6e850cf28026900af9a1bd5fa5735edb6c1dc5269e5cecdf18e46034.mp3","deploy-cn/assets/audio/generated/77/7778e4ee6e850cf28026900af9a1bd5fa5735edb6c1dc5269e5cecdf18e46034.mp3","0076.mp3","laundry"
"0077","77ae1fdf16cf5c51e175b35777f421530941d678111572895ffb4b2a3ca0630d","This washing machine is ready for a small load.","assets/audio/generated/77/77ae1fdf16cf5c51e175b35777f421530941d678111572895ffb4b2a3ca0630d.mp3","deploy-cn/assets/audio/generated/77/77ae1fdf16cf5c51e175b35777f421530941d678111572895ffb4b2a3ca0630d.mp3","0077.mp3","laundry"
"0078","784da191763435d0328c491affd202bdfc8f19b3a9df99d25b093b0069cc3f91","bag tie","assets/audio/generated/78/784da191763435d0328c491affd202bdfc8f19b3a9df99d25b093b0069cc3f91.mp3","deploy-cn/assets/audio/generated/78/784da191763435d0328c491affd202bdfc8f19b3a9df99d25b093b0069cc3f91.mp3","0078.mp3","laundry"
"0079","788a59b3242639f78b5bc43041bf102e5568df9190018d3a4dce1d3f451c39f4","rubber gasket","assets/audio/generated/78/788a59b3242639f78b5bc43041bf102e5568df9190018d3a4dce1d3f451c39f4.mp3","deploy-cn/assets/audio/generated/78/788a59b3242639f78b5bc43041bf102e5568df9190018d3a4dce1d3f451c39f4.mp3","0079.mp3","laundry"
"0080","78f67a71ea951e7cca2d2a9321bd5e5a75e43bb8172740ceeec33aa9bf190ded","The garment cover protects a clean coat.","assets/audio/generated/78/78f67a71ea951e7cca2d2a9321bd5e5a75e43bb8172740ceeec33aa9bf190ded.mp3","deploy-cn/assets/audio/generated/78/78f67a71ea951e7cca2d2a9321bd5e5a75e43bb8172740ceeec33aa9bf190ded.mp3","0080.mp3","laundry"
"0081","7a5e679574425fc8f92d675306309ef894b3c4b24388495ec8751a86e88ab0ce","Detergent cleans the clothes during the wash.","assets/audio/generated/7a/7a5e679574425fc8f92d675306309ef894b3c4b24388495ec8751a86e88ab0ce.mp3","deploy-cn/assets/audio/generated/7a/7a5e679574425fc8f92d675306309ef894b3c4b24388495ec8751a86e88ab0ce.mp3","0081.mp3","laundry"
"0082","7db845c182aa9910fb854649096177f8d970b58bbd61f8f2ca7372d0c0581e43","The token machine is near the entrance.","assets/audio/generated/7d/7db845c182aa9910fb854649096177f8d970b58bbd61f8f2ca7372d0c0581e43.mp3","deploy-cn/assets/audio/generated/7d/7db845c182aa9910fb854649096177f8d970b58bbd61f8f2ca7372d0c0581e43.mp3","0082.mp3","laundry"
"0083","7dce6eb9f171503dee8846c81f98bb96e777b0d42336882c8a597720934b8c6f","Darks go into another load.","assets/audio/generated/7d/7dce6eb9f171503dee8846c81f98bb96e777b0d42336882c8a597720934b8c6f.mp3","deploy-cn/assets/audio/generated/7d/7dce6eb9f171503dee8846c81f98bb96e777b0d42336882c8a597720934b8c6f.mp3","0083.mp3","laundry"
"0084","81c92234944d05f488bf80a4a9398bb39b1fb7fe370adb8598e5afe02bbd279c","claim ticket","assets/audio/generated/81/81c92234944d05f488bf80a4a9398bb39b1fb7fe370adb8598e5afe02bbd279c.mp3","deploy-cn/assets/audio/generated/81/81c92234944d05f488bf80a4a9398bb39b1fb7fe370adb8598e5afe02bbd279c.mp3","0084.mp3","laundry"
"0085","84ff4ce1810068043872d52b17042c3e77bc406c1062181195f15e0ba95ae8a4","You use the folding area to organize clean clothes before pickup.","assets/audio/generated/84/84ff4ce1810068043872d52b17042c3e77bc406c1062181195f15e0ba95ae8a4.mp3","deploy-cn/assets/audio/generated/84/84ff4ce1810068043872d52b17042c3e77bc406c1062181195f15e0ba95ae8a4.mp3","0085.mp3","laundry"
"0086","856526c9aaf9da5f754e05633a9d2e36acc449f5f01b7cf4f485ef5d2e55ddb0","An available washer has a clear display.","assets/audio/generated/85/856526c9aaf9da5f754e05633a9d2e36acc449f5f01b7cf4f485ef5d2e55ddb0.mp3","deploy-cn/assets/audio/generated/85/856526c9aaf9da5f754e05633a9d2e36acc449f5f01b7cf4f485ef5d2e55ddb0.mp3","0086.mp3","laundry"
"0087","878d1336ea3f63e039e1dcb8bedbd75a9cf0fc9539c83af43e47fdba12a6bf6b","laundry pod","assets/audio/generated/87/878d1336ea3f63e039e1dcb8bedbd75a9cf0fc9539c83af43e47fdba12a6bf6b.mp3","deploy-cn/assets/audio/generated/87/878d1336ea3f63e039e1dcb8bedbd75a9cf0fc9539c83af43e47fdba12a6bf6b.mp3","0087.mp3","laundry"
"0088","87deeec38f3a1a2e996be113fe05b102ac34eda9b489797eeb82e1e2a5f89f0b","You check the lost-and-found bin for the missing sock.","assets/audio/generated/87/87deeec38f3a1a2e996be113fe05b102ac34eda9b489797eeb82e1e2a5f89f0b.mp3","deploy-cn/assets/audio/generated/87/87deeec38f3a1a2e996be113fe05b102ac34eda9b489797eeb82e1e2a5f89f0b.mp3","0088.mp3","laundry"
"0089","8c3e2ffb967d011cd7cbf1e015950532c914425c622404829c65762947300dfa","Water temperature is part of the washer setting.","assets/audio/generated/8c/8c3e2ffb967d011cd7cbf1e015950532c914425c622404829c65762947300dfa.mp3","deploy-cn/assets/audio/generated/8c/8c3e2ffb967d011cd7cbf1e015950532c914425c622404829c65762947300dfa.mp3","0089.mp3","laundry"
"0090","8d49b20e4d5329acbbfa76abd62c0076adb9134f4068aa1e58cf7202d446d3ee","The bag tie keeps the laundry bag closed.","assets/audio/generated/8d/8d49b20e4d5329acbbfa76abd62c0076adb9134f4068aa1e58cf7202d446d3ee.mp3","deploy-cn/assets/audio/generated/8d/8d49b20e4d5329acbbfa76abd62c0076adb9134f4068aa1e58cf7202d446d3ee.mp3","0090.mp3","laundry"
"0091","8e170c117d031906c65d56b3e8d9503ef5846735ac8e9d2bd096bb771a18351e","After washing, you move the clothes to the dryer and choose a safe setting.","assets/audio/generated/8e/8e170c117d031906c65d56b3e8d9503ef5846735ac8e9d2bd096bb771a18351e.mp3","deploy-cn/assets/audio/generated/8e/8e170c117d031906c65d56b3e8d9503ef5846735ac8e9d2bd096bb771a18351e.mp3","0091.mp3","laundry"
"0092","8ee4a58efb3d91a5b62a13d378d5a569804ee7475ca563e7e0dbdf1eea59e9cc","folded clothes","assets/audio/generated/8e/8ee4a58efb3d91a5b62a13d378d5a569804ee7475ca563e7e0dbdf1eea59e9cc.mp3","deploy-cn/assets/audio/generated/8e/8ee4a58efb3d91a5b62a13d378d5a569804ee7475ca563e7e0dbdf1eea59e9cc.mp3","0092.mp3","laundry"
"0093","90e7581da6e19cab6dd70c61bd9e8abf71a2e09595b7d1bd275e71347bff681a","garment tag","assets/audio/generated/90/90e7581da6e19cab6dd70c61bd9e8abf71a2e09595b7d1bd275e71347bff681a.mp3","deploy-cn/assets/audio/generated/90/90e7581da6e19cab6dd70c61bd9e8abf71a2e09595b7d1bd275e71347bff681a.mp3","0093.mp3","laundry"
"0094","90eab60588e4a922358ed3e6897ec670dad7fa5e58475e2987540b1c841fabfb","glass porthole","assets/audio/generated/90/90eab60588e4a922358ed3e6897ec670dad7fa5e58475e2987540b1c841fabfb.mp3","deploy-cn/assets/audio/generated/90/90eab60588e4a922358ed3e6897ec670dad7fa5e58475e2987540b1c841fabfb.mp3","0094.mp3","laundry"
"0095","91ead2d42a04c5c1e7e703b495e005341150bca59744a48e52c12670a7b93d2f","It helps clothes feel softer after washing.","assets/audio/generated/91/91ead2d42a04c5c1e7e703b495e005341150bca59744a48e52c12670a7b93d2f.mp3","deploy-cn/assets/audio/generated/91/91ead2d42a04c5c1e7e703b495e005341150bca59744a48e52c12670a7b93d2f.mp3","0095.mp3","laundry"
"0096","9226baf092c62c63c860e6f02353d6ae04f6d2704e8995139f898d6fc9a883aa","Yes. Use it before the wash cycle for a small stain.","assets/audio/generated/92/9226baf092c62c63c860e6f02353d6ae04f6d2704e8995139f898d6fc9a883aa.mp3","deploy-cn/assets/audio/generated/92/9226baf092c62c63c860e6f02353d6ae04f6d2704e8995139f898d6fc9a883aa.mp3","0096.mp3","laundry"
"0097","9375fdb852c2537db34c30bccadc904c86fee85d52433f51f2b26e6ff56d0270","The powder scoop helps measure the amount.","assets/audio/generated/93/9375fdb852c2537db34c30bccadc904c86fee85d52433f51f2b26e6ff56d0270.mp3","deploy-cn/assets/audio/generated/93/9375fdb852c2537db34c30bccadc904c86fee85d52433f51f2b26e6ff56d0270.mp3","0097.mp3","laundry"
"0098","9518ecf274e045d8e98e2cb1a87860ea86c5534c2cde2fda710312b2547f8334","I will use the bag tie.","assets/audio/generated/95/9518ecf274e045d8e98e2cb1a87860ea86c5534c2cde2fda710312b2547f8334.mp3","deploy-cn/assets/audio/generated/95/9518ecf274e045d8e98e2cb1a87860ea86c5534c2cde2fda710312b2547f8334.mp3","0098.mp3","laundry"
"0099","968b81ead3a9c060f8d19ab52041cfa34a6b7c09b3318923f2091274c6d04c1b","Yes. Please return it near the exit when you finish.","assets/audio/generated/96/968b81ead3a9c060f8d19ab52041cfa34a6b7c09b3318923f2091274c6d04c1b.mp3","deploy-cn/assets/audio/generated/96/968b81ead3a9c060f8d19ab52041cfa34a6b7c09b3318923f2091274c6d04c1b.mp3","0099.mp3","laundry"
"0100","96aa36d23c176729b57dc6f5c44905b2dd860040e4da68b2b465d69302e6c7a0","Yes, it is a useful habit before loading clothes.","assets/audio/generated/96/96aa36d23c176729b57dc6f5c44905b2dd860040e4da68b2b465d69302e6c7a0.mp3","deploy-cn/assets/audio/generated/96/96aa36d23c176729b57dc6f5c44905b2dd860040e4da68b2b465d69302e6c7a0.mp3","0100.mp3","laundry"
"0101","985ad512ffa4e3e01bae437bcb62cbf6aaa61243845dd709850a853dc0a84537","garment bag","assets/audio/generated/98/985ad512ffa4e3e01bae437bcb62cbf6aaa61243845dd709850a853dc0a84537.mp3","deploy-cn/assets/audio/generated/98/985ad512ffa4e3e01bae437bcb62cbf6aaa61243845dd709850a853dc0a84537.mp3","0101.mp3","laundry"
"0102","9de3337d677aeb74304f837d44b079ee9a1c8241644b116760976d8c0d42d404","Stain remover helps with a small mark.","assets/audio/generated/9d/9de3337d677aeb74304f837d44b079ee9a1c8241644b116760976d8c0d42d404.mp3","deploy-cn/assets/audio/generated/9d/9de3337d677aeb74304f837d44b079ee9a1c8241644b116760976d8c0d42d404.mp3","0102.mp3","laundry"
"0103","a06bd60d25b6694451916be7e1fdd0f50b972d22f6607bd426e4b7f48e5c0874","The laundry attendant helps new customers.","assets/audio/generated/a0/a06bd60d25b6694451916be7e1fdd0f50b972d22f6607bd426e4b7f48e5c0874.mp3","deploy-cn/assets/audio/generated/a0/a06bd60d25b6694451916be7e1fdd0f50b972d22f6607bd426e4b7f48e5c0874.mp3","0103.mp3","laundry"
"0104","a1ba8bcd98f6f6a59fadbeab3edad68b7d7fc8d4551419e78deb52429b135081","This folding station is free if you need space.","assets/audio/generated/a1/a1ba8bcd98f6f6a59fadbeab3edad68b7d7fc8d4551419e78deb52429b135081.mp3","deploy-cn/assets/audio/generated/a1/a1ba8bcd98f6f6a59fadbeab3edad68b7d7fc8d4551419e78deb52429b135081.mp3","0104.mp3","laundry"
"0105","a43798e2f745db73621b789e09cdf2bce43cb5cf4211805152ab3f76768993cc","Drying time depends on the load size.","assets/audio/generated/a4/a43798e2f745db73621b789e09cdf2bce43cb5cf4211805152ab3f76768993cc.mp3","deploy-cn/assets/audio/generated/a4/a43798e2f745db73621b789e09cdf2bce43cb5cf4211805152ab3f76768993cc.mp3","0105.mp3","laundry"
"0106","a849cd89f9eb72a396a3e70e0fe6d630b52beae73e810922b390831134de012a","It is beside the exit counter.","assets/audio/generated/a8/a849cd89f9eb72a396a3e70e0fe6d630b52beae73e810922b390831134de012a.mp3","deploy-cn/assets/audio/generated/a8/a849cd89f9eb72a396a3e70e0fe6d630b52beae73e810922b390831134de012a.mp3","0106.mp3","laundry"
"0107","ab63bd836094a42b8379136f9331fcd6700d6d27c80c1c9f23f25efc34f5d88e","dryer drum","assets/audio/generated/ab/ab63bd836094a42b8379136f9331fcd6700d6d27c80c1c9f23f25efc34f5d88e.mp3","deploy-cn/assets/audio/generated/ab/ab63bd836094a42b8379136f9331fcd6700d6d27c80c1c9f23f25efc34f5d88e.mp3","0107.mp3","laundry"
"0108","ae10b029a033c6d655141e8cd32d51391b3c85b1cba5cbaa3e25cec8361bc9ac","water temperature","assets/audio/generated/ae/ae10b029a033c6d655141e8cd32d51391b3c85b1cba5cbaa3e25cec8361bc9ac.mp3","deploy-cn/assets/audio/generated/ae/ae10b029a033c6d655141e8cd32d51391b3c85b1cba5cbaa3e25cec8361bc9ac.mp3","0108.mp3","laundry"
"0109","afb1f32278ec4781d95747bda49dd384ac87553b834248f559004ab79d4af94a","The laundry cart helps move heavy clothes.","assets/audio/generated/af/afb1f32278ec4781d95747bda49dd384ac87553b834248f559004ab79d4af94a.mp3","deploy-cn/assets/audio/generated/af/afb1f32278ec4781d95747bda49dd384ac87553b834248f559004ab79d4af94a.mp3","0109.mp3","laundry"
"0110","b12c7853c09bafc6d7a2aed7643f74ef8d87b2ae11d063161cc628b759e6cb29","Load size changes how much water the washer uses.","assets/audio/generated/b1/b12c7853c09bafc6d7a2aed7643f74ef8d87b2ae11d063161cc628b759e6cb29.mp3","deploy-cn/assets/audio/generated/b1/b12c7853c09bafc6d7a2aed7643f74ef8d87b2ae11d063161cc628b759e6cb29.mp3","0110.mp3","laundry"
"0111","b193172381271526c0eca681402b7aec6daba5ea4dbd8d9a73db8f6c8b6c8082","Please match your claim ticket with the laundry bag.","assets/audio/generated/b1/b193172381271526c0eca681402b7aec6daba5ea4dbd8d9a73db8f6c8b6c8082.mp3","deploy-cn/assets/audio/generated/b1/b193172381271526c0eca681402b7aec6daba5ea4dbd8d9a73db8f6c8b6c8082.mp3","0111.mp3","laundry"
"0112","b477927ab85d73695b350be53f61b45efe4779fe7bcb8bbd5b8f949f94f70c10","Great. Your laundry is packed neatly.","assets/audio/generated/b4/b477927ab85d73695b350be53f61b45efe4779fe7bcb8bbd5b8f949f94f70c10.mp3","deploy-cn/assets/audio/generated/b4/b477927ab85d73695b350be53f61b45efe4779fe7bcb8bbd5b8f949f94f70c10.mp3","0112.mp3","laundry"
"0113","b515b6a82610392be9ea998efa7ad2a2ec932606ba04e632bbfc87e0282daca7","Where can I read the laundry rules?","assets/audio/generated/b5/b515b6a82610392be9ea998efa7ad2a2ec932606ba04e632bbfc87e0282daca7.mp3","deploy-cn/assets/audio/generated/b5/b515b6a82610392be9ea998efa7ad2a2ec932606ba04e632bbfc87e0282daca7.mp3","0113.mp3","laundry"
"0114","b71aa0ab2100c4cdd408d24ee95826f11b8e4d530d3e6f05abe26fe3289ac4b3","The lint trap should be cleaned before drying.","assets/audio/generated/b7/b71aa0ab2100c4cdd408d24ee95826f11b8e4d530d3e6f05abe26fe3289ac4b3.mp3","deploy-cn/assets/audio/generated/b7/b71aa0ab2100c4cdd408d24ee95826f11b8e4d530d3e6f05abe26fe3289ac4b3.mp3","0114.mp3","laundry"
"0115","b7e185d15f1c151e3dc21d9564a8352944fd195beb3504f4dcc8d3f8ed497a77","The last wash time is written near the door.","assets/audio/generated/b7/b7e185d15f1c151e3dc21d9564a8352944fd195beb3504f4dcc8d3f8ed497a77.mp3","deploy-cn/assets/audio/generated/b7/b7e185d15f1c151e3dc21d9564a8352944fd195beb3504f4dcc8d3f8ed497a77.mp3","0115.mp3","laundry"
"0116","ba78dbc8fdb95e5d75c2fdc3f9c16e8c030f22ebb3c52143efd86268d02b241a","laundry attendant","assets/audio/generated/ba/ba78dbc8fdb95e5d75c2fdc3f9c16e8c030f22ebb3c52143efd86268d02b241a.mp3","deploy-cn/assets/audio/generated/ba/ba78dbc8fdb95e5d75c2fdc3f9c16e8c030f22ebb3c52143efd86268d02b241a.mp3","0116.mp3","laundry"
"0117","bee989bb643b3e97242bc1badab2f3f2842c661d6a3b19686bf3791aba902bce","load size","assets/audio/generated/be/bee989bb643b3e97242bc1badab2f3f2842c661d6a3b19686bf3791aba902bce.mp3","deploy-cn/assets/audio/generated/be/bee989bb643b3e97242bc1badab2f3f2842c661d6a3b19686bf3791aba902bce.mp3","0117.mp3","laundry"
"0118","bf309d7b4064d2df09dcdc03217afbab29044ad7a350cdcc3f47f07325b7520c","The garment bag protects clean clothes.","assets/audio/generated/bf/bf309d7b4064d2df09dcdc03217afbab29044ad7a350cdcc3f47f07325b7520c.mp3","deploy-cn/assets/audio/generated/bf/bf309d7b4064d2df09dcdc03217afbab29044ad7a350cdcc3f47f07325b7520c.mp3","0118.mp3","laundry"
"0119","bff86cadfbc058c4a822c2e8b87c62ec8720acf0b7618037dc19e34d6ea76adb","fabric softener","assets/audio/generated/bf/bff86cadfbc058c4a822c2e8b87c62ec8720acf0b7618037dc19e34d6ea76adb.mp3","deploy-cn/assets/audio/generated/bf/bff86cadfbc058c4a822c2e8b87c62ec8720acf0b7618037dc19e34d6ea76adb.mp3","0119.mp3","laundry"
"0120","c0bdeb5c96f18ba402aedb200b7152cde66c6b4e306167fabc7513aa7b36fc2e","wash cycle","assets/audio/generated/c0/c0bdeb5c96f18ba402aedb200b7152cde66c6b4e306167fabc7513aa7b36fc2e.mp3","deploy-cn/assets/audio/generated/c0/c0bdeb5c96f18ba402aedb200b7152cde66c6b4e306167fabc7513aa7b36fc2e.mp3","0120.mp3","laundry"
"0121","c785bac62749c1233d535b26209d6753c9b9d31daa474cf20009fa9f6af6a8a7","detergent","assets/audio/generated/c7/c785bac62749c1233d535b26209d6753c9b9d31daa474cf20009fa9f6af6a8a7.mp3","deploy-cn/assets/audio/generated/c7/c785bac62749c1233d535b26209d6753c9b9d31daa474cf20009fa9f6af6a8a7.mp3","0121.mp3","laundry"
"0122","c8aa27264be119f1633ce51f85f6d9a1bd0519a5babf713e1804af402b209869","whites","assets/audio/generated/c8/c8aa27264be119f1633ce51f85f6d9a1bd0519a5babf713e1804af402b209869.mp3","deploy-cn/assets/audio/generated/c8/c8aa27264be119f1633ce51f85f6d9a1bd0519a5babf713e1804af402b209869.mp3","0122.mp3","laundry"
"0123","ceef79829a7cb24827a8bf5e3a98c97db913d0fea941d1c4d2862f98da48e7b5","The drum door must close firmly.","assets/audio/generated/ce/ceef79829a7cb24827a8bf5e3a98c97db913d0fea941d1c4d2862f98da48e7b5.mp3","deploy-cn/assets/audio/generated/ce/ceef79829a7cb24827a8bf5e3a98c97db913d0fea941d1c4d2862f98da48e7b5.mp3","0123.mp3","laundry"
"0124","cfe3664adaf69859e1b401d00b8835971f0653090ec14b6cc21968e566ec66f0","The laundromat is open this evening.","assets/audio/generated/cf/cfe3664adaf69859e1b401d00b8835971f0653090ec14b6cc21968e566ec66f0.mp3","deploy-cn/assets/audio/generated/cf/cfe3664adaf69859e1b401d00b8835971f0653090ec14b6cc21968e566ec66f0.mp3","0124.mp3","laundry"
"0125","cfec04076c528622b0ffbb7db48842c9dfc6a8be17eccb1d1923f291c2eae2c0","folding board","assets/audio/generated/cf/cfec04076c528622b0ffbb7db48842c9dfc6a8be17eccb1d1923f291c2eae2c0.mp3","deploy-cn/assets/audio/generated/cf/cfec04076c528622b0ffbb7db48842c9dfc6a8be17eccb1d1923f291c2eae2c0.mp3","0125.mp3","laundry"
"0126","d160c2d9d8310e3aa13b5b2bd55f45e2be693f19c2a646979da3f08e0e6ad578","dryer sheet","assets/audio/generated/d1/d160c2d9d8310e3aa13b5b2bd55f45e2be693f19c2a646979da3f08e0e6ad578.mp3","deploy-cn/assets/audio/generated/d1/d160c2d9d8310e3aa13b5b2bd55f45e2be693f19c2a646979da3f08e0e6ad578.mp3","0126.mp3","laundry"
"0127","d1c607398ed47c9b7ad2effbbfd266a8adb47cbd47e00209504f326bfa557b9d","available washer","assets/audio/generated/d1/d1c607398ed47c9b7ad2effbbfd266a8adb47cbd47e00209504f326bfa557b9d.mp3","deploy-cn/assets/audio/generated/d1/d1c607398ed47c9b7ad2effbbfd266a8adb47cbd47e00209504f326bfa557b9d.mp3","0127.mp3","laundry"
"0128","d1c953633b0eb90d0b341e6bfc4851d8407418bf450c9c4e4efba48cac0cdca1","The bleach bottle is marked with a warning label.","assets/audio/generated/d1/d1c953633b0eb90d0b341e6bfc4851d8407418bf450c9c4e4efba48cac0cdca1.mp3","deploy-cn/assets/audio/generated/d1/d1c953633b0eb90d0b341e6bfc4851d8407418bf450c9c4e4efba48cac0cdca1.mp3","0128.mp3","laundry"
"0129","d253f80635c8ae5c25edcff3fddcb5031c38b04e0f6c4356345b47014eb95544","Great. Your fresh laundry is ready.","assets/audio/generated/d2/d253f80635c8ae5c25edcff3fddcb5031c38b04e0f6c4356345b47014eb95544.mp3","deploy-cn/assets/audio/generated/d2/d253f80635c8ae5c25edcff3fddcb5031c38b04e0f6c4356345b47014eb95544.mp3","0129.mp3","laundry"
"0130","d31449f9193a672ed0c1bf178531c347c5300a4f757ed094ee334b1a1b6e96b4","The dryer drum turns slowly.","assets/audio/generated/d3/d31449f9193a672ed0c1bf178531c347c5300a4f757ed094ee334b1a1b6e96b4.mp3","deploy-cn/assets/audio/generated/d3/d31449f9193a672ed0c1bf178531c347c5300a4f757ed094ee334b1a1b6e96b4.mp3","0130.mp3","laundry"
"0131","d449244aaad6a957947fbadcfd51d9d838f02560ece03246b571888129d467c1","The folded clothes are ready to take home.","assets/audio/generated/d4/d449244aaad6a957947fbadcfd51d9d838f02560ece03246b571888129d467c1.mp3","deploy-cn/assets/audio/generated/d4/d449244aaad6a957947fbadcfd51d9d838f02560ece03246b571888129d467c1.mp3","0131.mp3","laundry"
"0132","d4cfc0a75b32c908fa777dbd3c8cb3a83ac50dd000c6f11295c839e3d4d72331","hanger","assets/audio/generated/d4/d4cfc0a75b32c908fa777dbd3c8cb3a83ac50dd000c6f11295c839e3d4d72331.mp3","deploy-cn/assets/audio/generated/d4/d4cfc0a75b32c908fa777dbd3c8cb3a83ac50dd000c6f11295c839e3d4d72331.mp3","0132.mp3","laundry"
"0133","d68353685ab97608cd9afc26c24782c5ca4489e094434ca103730df684503cb2","token machine","assets/audio/generated/d6/d68353685ab97608cd9afc26c24782c5ca4489e094434ca103730df684503cb2.mp3","deploy-cn/assets/audio/generated/d6/d68353685ab97608cd9afc26c24782c5ca4489e094434ca103730df684503cb2.mp3","0133.mp3","laundry"
"0134","db1c1393f8fa4faf45e8789592f74e0f710f6bc793dc8b59ec9bc8308f2a9a83","Fabric softener makes clothes feel softer.","assets/audio/generated/db/db1c1393f8fa4faf45e8789592f74e0f710f6bc793dc8b59ec9bc8308f2a9a83.mp3","deploy-cn/assets/audio/generated/db/db1c1393f8fa4faf45e8789592f74e0f710f6bc793dc8b59ec9bc8308f2a9a83.mp3","0134.mp3","laundry"
"0135","df75d78ac8a9faeb2b2cd7e25a3ea91e8a4a1fe227f8973e9d5eb2e85e27804f","Yes. Open the drum door from the front.","assets/audio/generated/df/df75d78ac8a9faeb2b2cd7e25a3ea91e8a4a1fe227f8973e9d5eb2e85e27804f.mp3","deploy-cn/assets/audio/generated/df/df75d78ac8a9faeb2b2cd7e25a3ea91e8a4a1fe227f8973e9d5eb2e85e27804f.mp3","0135.mp3","laundry"
"0136","e1db3637dda309f8e2ec5a9aff9a76b0cbf2e7229d836995cd046a46aed43f88","sort colors","assets/audio/generated/e1/e1db3637dda309f8e2ec5a9aff9a76b0cbf2e7229d836995cd046a46aed43f88.mp3","deploy-cn/assets/audio/generated/e1/e1db3637dda309f8e2ec5a9aff9a76b0cbf2e7229d836995cd046a46aed43f88.mp3","0136.mp3","laundry"
"0137","e227cf170cbab5ab93f4d3c626584b743aed3db609bf18d36d84356191572389","wash token","assets/audio/generated/e2/e227cf170cbab5ab93f4d3c626584b743aed3db609bf18d36d84356191572389.mp3","deploy-cn/assets/audio/generated/e2/e227cf170cbab5ab93f4d3c626584b743aed3db609bf18d36d84356191572389.mp3","0137.mp3","laundry"
"0138","e4a06f624af9bebc764d79ca92748f8e56ad64783bc7b4e319d187e399e09b0c","You sort the clothes and choose a simple washer setting.","assets/audio/generated/e4/e4a06f624af9bebc764d79ca92748f8e56ad64783bc7b4e319d187e399e09b0c.mp3","deploy-cn/assets/audio/generated/e4/e4a06f624af9bebc764d79ca92748f8e56ad64783bc7b4e319d187e399e09b0c.mp3","0138.mp3","laundry"
"0139","e7c77a296f9087427529a7cc4d6a5d4c080595cadf70841d308526ad310198f5","I use prewash spray before the wash cycle.","assets/audio/generated/e7/e7c77a296f9087427529a7cc4d6a5d4c080595cadf70841d308526ad310198f5.mp3","deploy-cn/assets/audio/generated/e7/e7c77a296f9087427529a7cc4d6a5d4c080595cadf70841d308526ad310198f5.mp3","0139.mp3","laundry"
"0140","e9ec48113c3b81ca011b09b086ed01298117ed30cea7c8843765e4fe829a8b65","lost-and-found bin","assets/audio/generated/e9/e9ec48113c3b81ca011b09b086ed01298117ed30cea7c8843765e4fe829a8b65.mp3","deploy-cn/assets/audio/generated/e9/e9ec48113c3b81ca011b09b086ed01298117ed30cea7c8843765e4fe829a8b65.mp3","0140.mp3","laundry"
"0141","ea4f82090df6e63f5f706effba82f6ba4da723b3194388130191c7a873e06edc","folding station","assets/audio/generated/ea/ea4f82090df6e63f5f706effba82f6ba4da723b3194388130191c7a873e06edc.mp3","deploy-cn/assets/audio/generated/ea/ea4f82090df6e63f5f706effba82f6ba4da723b3194388130191c7a873e06edc.mp3","0141.mp3","laundry"
"0142","ec4977a8692d214788f6f9a974a4d195c711504a6f989e65ecbeb774e5bd6073","missing sock","assets/audio/generated/ec/ec4977a8692d214788f6f9a974a4d195c711504a6f989e65ecbeb774e5bd6073.mp3","deploy-cn/assets/audio/generated/ec/ec4977a8692d214788f6f9a974a4d195c711504a6f989e65ecbeb774e5bd6073.mp3","0142.mp3","laundry"
"0143","edd6ff0384c2aaaadbb2df57c815c91aa029f1f2b02194fc21fd2219e8165ffc","That washer looks available if the display is clear.","assets/audio/generated/ed/edd6ff0384c2aaaadbb2df57c815c91aa029f1f2b02194fc21fd2219e8165ffc.mp3","deploy-cn/assets/audio/generated/ed/edd6ff0384c2aaaadbb2df57c815c91aa029f1f2b02194fc21fd2219e8165ffc.mp3","0143.mp3","laundry"
"0144","f0c8cd793826dfdc779536364f64737be30d617648408188cc8e3ba55fec42d9","drawstring bag","assets/audio/generated/f0/f0c8cd793826dfdc779536364f64737be30d617648408188cc8e3ba55fec42d9.mp3","deploy-cn/assets/audio/generated/f0/f0c8cd793826dfdc779536364f64737be30d617648408188cc8e3ba55fec42d9.mp3","0144.mp3","laundry"
"0145","f0ddd50f5ca61671e1a128e4292f81826764d4f713f1bcaec0c36aca03617a90","heat setting","assets/audio/generated/f0/f0ddd50f5ca61671e1a128e4292f81826764d4f713f1bcaec0c36aca03617a90.mp3","deploy-cn/assets/audio/generated/f0/f0ddd50f5ca61671e1a128e4292f81826764d4f713f1bcaec0c36aca03617a90.mp3","0145.mp3","laundry"
"0146","f311223eecf4dc8f7f86b72b38ab3b036ef2dbf5eb2c4fa00f4393cdb8b6c48d","The dryer is beside the washer.","assets/audio/generated/f3/f311223eecf4dc8f7f86b72b38ab3b036ef2dbf5eb2c4fa00f4393cdb8b6c48d.mp3","deploy-cn/assets/audio/generated/f3/f311223eecf4dc8f7f86b72b38ab3b036ef2dbf5eb2c4fa00f4393cdb8b6c48d.mp3","0146.mp3","laundry"
"0147","f57ae2aa01ff27c6b6ee87239efa31116f0efa5a85fefea08b3d43262266c3bd","darks","assets/audio/generated/f5/f57ae2aa01ff27c6b6ee87239efa31116f0efa5a85fefea08b3d43262266c3bd.mp3","deploy-cn/assets/audio/generated/f5/f57ae2aa01ff27c6b6ee87239efa31116f0efa5a85fefea08b3d43262266c3bd.mp3","0147.mp3","laundry"
"0148","f8e998c1d29877b9e1eab16d6d36d33a0bf9a0bd8b96b8b61150fdd8f6714072","May I use the laundry cart?","assets/audio/generated/f8/f8e998c1d29877b9e1eab16d6d36d33a0bf9a0bd8b96b8b61150fdd8f6714072.mp3","deploy-cn/assets/audio/generated/f8/f8e998c1d29877b9e1eab16d6d36d33a0bf9a0bd8b96b8b61150fdd8f6714072.mp3","0148.mp3","laundry"
"0149","f90c958410a2920836aa619b23a2b2128a6632d607cd642e7d05242a403d8a42","This claim ticket is mine.","assets/audio/generated/f9/f90c958410a2920836aa619b23a2b2128a6632d607cd642e7d05242a403d8a42.mp3","deploy-cn/assets/audio/generated/f9/f90c958410a2920836aa619b23a2b2128a6632d607cd642e7d05242a403d8a42.mp3","0149.mp3","laundry"
"0150","f9a9dc9cf086a9ac6467230118fc2dbacf7daa793b1ba0e2aabf090889bce004","You confirm your pickup details and prepare to leave with clean laundry.","assets/audio/generated/f9/f9a9dc9cf086a9ac6467230118fc2dbacf7daa793b1ba0e2aabf090889bce004.mp3","deploy-cn/assets/audio/generated/f9/f9a9dc9cf086a9ac6467230118fc2dbacf7daa793b1ba0e2aabf090889bce004.mp3","0150.mp3","laundry"
"0151","fbaad15183d2159efe8df22068673bbb76f35b68a5e5bb71fe8d09697b60789e","A folding board helps make neat shirts.","assets/audio/generated/fb/fbaad15183d2159efe8df22068673bbb76f35b68a5e5bb71fe8d09697b60789e.mp3","deploy-cn/assets/audio/generated/fb/fbaad15183d2159efe8df22068673bbb76f35b68a5e5bb71fe8d09697b60789e.mp3","0151.mp3","laundry"
"0152","fdebb2617435f185bee8283739947207262a2e880774444fd7d813d245734ce4","The service bell is on the front counter.","assets/audio/generated/fd/fdebb2617435f185bee8283739947207262a2e880774444fd7d813d245734ce4.mp3","deploy-cn/assets/audio/generated/fd/fdebb2617435f185bee8283739947207262a2e880774444fd7d813d245734ce4.mp3","0152.mp3","laundry"
"0153","ff205175b5d4999b2e3080d33fc569965a8f1efa0a88e109220df1a2cf2af9d5","A top-loading washer opens from above.","assets/audio/generated/ff/ff205175b5d4999b2e3080d33fc569965a8f1efa0a88e109220df1a2cf2af9d5.mp3","deploy-cn/assets/audio/generated/ff/ff205175b5d4999b2e3080d33fc569965a8f1efa0a88e109220df1a2cf2af9d5.mp3","0153.mp3","laundry"
