index,key,text,expectedFile,deployCnFile,targetExportName,themes,type,sceneId
"0001","7f2a8e5d8e38d42a8bb0685bd92ad62a1f2783184f3481c57d3392a530c70ee9","laundromat","assets/audio/generated/7f/7f2a8e5d8e38d42a8bb0685bd92ad62a1f2783184f3481c57d3392a530c70ee9.mp3","deploy-cn/assets/audio/generated/7f/7f2a8e5d8e38d42a8bb0685bd92ad62a1f2783184f3481c57d3392a530c70ee9.mp3","0001.mp3","laundry","hotspotWord","laundry-entrance"
"0002","5c6458f38c5b168bb528c810eba377fc82e9add95ea829166c544bceffa67843","powder scoop","assets/audio/generated/5c/5c6458f38c5b168bb528c810eba377fc82e9add95ea829166c544bceffa67843.mp3","deploy-cn/assets/audio/generated/5c/5c6458f38c5b168bb528c810eba377fc82e9add95ea829166c544bceffa67843.mp3","0002.mp3","laundry","hotspotWord","laundry-detergent-station"
"0003","1fd2fdbc9eb29bc6c20c163afdafa6ed347422af2a0db79e5746b77a122a6138","Welcome. Is this your first time using this laundromat?","assets/audio/generated/1f/1fd2fdbc9eb29bc6c20c163afdafa6ed347422af2a0db79e5746b77a122a6138.mp3","deploy-cn/assets/audio/generated/1f/1fd2fdbc9eb29bc6c20c163afdafa6ed347422af2a0db79e5746b77a122a6138.mp3","0003.mp3","laundry","npcDialogue","laundry-entrance"
"0004","ad88bcb160486eeed2b90a5642e9c8cc2b8991d68c468ce0bfe195acc1fa2703","Use a small amount of product and follow the label.","assets/audio/generated/ad/ad88bcb160486eeed2b90a5642e9c8cc2b8991d68c468ce0bfe195acc1fa2703.mp3","deploy-cn/assets/audio/generated/ad/ad88bcb160486eeed2b90a5642e9c8cc2b8991d68c468ce0bfe195acc1fa2703.mp3","0004.mp3","laundry","npcDialogue","laundry-detergent-station"
"0005","9836d974691b1197098c7b301c1d166a86a21fcb03781a5459397a3b2fd0f270","Where is the lint trap?","assets/audio/generated/98/9836d974691b1197098c7b301c1d166a86a21fcb03781a5459397a3b2fd0f270.mp3","deploy-cn/assets/audio/generated/98/9836d974691b1197098c7b301c1d166a86a21fcb03781a5459397a3b2fd0f270.mp3","0005.mp3","laundry","dialogueOption","laundry-dryer-area"
"0006","f8e9cefd98fc37466b95cde73702e6423ed46832369d265fcd27efe0695cf3ed","Which water temperature should I choose?","assets/audio/generated/f8/f8e9cefd98fc37466b95cde73702e6423ed46832369d265fcd27efe0695cf3ed.mp3","deploy-cn/assets/audio/generated/f8/f8e9cefd98fc37466b95cde73702e6423ed46832369d265fcd27efe0695cf3ed.mp3","0006.mp3","laundry","dialogueOption","laundry-washer-setup"
"0007","fd8f8f556dab3763375d8099573808780f47aba2f0d5f2432450f64b762b7edb","It depends on the load size and heat setting.","assets/audio/generated/fd/fd8f8f556dab3763375d8099573808780f47aba2f0d5f2432450f64b762b7edb.mp3","deploy-cn/assets/audio/generated/fd/fd8f8f556dab3763375d8099573808780f47aba2f0d5f2432450f64b762b7edb.mp3","0007.mp3","laundry","dialogueReply","laundry-dryer-area"
"0008","4714fdfd5e5d62f9388b912588336502e972ff2b4befc97be893b148e5d38efd","You can put it in the lost-and-found bin.","assets/audio/generated/47/4714fdfd5e5d62f9388b912588336502e972ff2b4befc97be893b148e5d38efd.mp3","deploy-cn/assets/audio/generated/47/4714fdfd5e5d62f9388b912588336502e972ff2b4befc97be893b148e5d38efd.mp3","0008.mp3","laundry","dialogueReply","laundry-folding-table"
"0009","065457b2f9efc53d4b484893fd6e8b9a492f312e1387d0ee0905bb857c16bbd9","You get a wash token and are ready to choose a machine.","assets/audio/generated/06/065457b2f9efc53d4b484893fd6e8b9a492f312e1387d0ee0905bb857c16bbd9.mp3","deploy-cn/assets/audio/generated/06/065457b2f9efc53d4b484893fd6e8b9a492f312e1387d0ee0905bb857c16bbd9.mp3","0009.mp3","laundry","actionFeedback","laundry-entrance"
"0010","5b80eba23189cf2bc34da6b87284d4f064950bfde34efde2adf6b1aaf36c6806","You collect the fresh laundry and get ready to leave.","assets/audio/generated/5b/5b80eba23189cf2bc34da6b87284d4f064950bfde34efde2adf6b1aaf36c6806.mp3","deploy-cn/assets/audio/generated/5b/5b80eba23189cf2bc34da6b87284d4f064950bfde34efde2adf6b1aaf36c6806.mp3","0010.mp3","laundry","actionFeedback","laundry-pickup-exit"
